"Comment","Designator","Footprint","LCSC Part #"
"Antenna","AE1","Texas_SWRA117D_2.4GHz_Left","no_part_number"
"Li-Po Battery","BT1","JST_PH_B2B-PH-K_1x02_P2.00mm_Vertical","no_part_number"
"10uf 0402","C1","C_0402_1005Metric","no_part_number"
"100nF","C2,C5,C6,C15","C_0402_1005Metric","C1525"
"4.7uF","C3,C7,C18,C22","C_0402_1005Metric","C368809"
"1uF","C4,C23","C_0402_1005Metric","C52923"
"0402 1.5pF","C8","C_0402_1005Metric","no_part_number"
"4.7uf 0402","C9,C21","C_0402_1005Metric","no_part_number"
"15pF 0402","C10,C11","C_0402_1005Metric","no_part_number"
"0.1uf 0402","C12","C_0402_1005Metric","no_part_number"
"0402 1pF","C13,C14","C_0402_1005Metric","no_part_number"
"100pF","C16","C_0402_1005Metric","C26409"
"1nF","C17","C_0402_1005Metric","C14442"
"0402 1uF","C19","C_0402_1005Metric","no_part_number"
"0402 10uF","C20","R_0402_1005Metric","no_part_number"
"47nF","C24","C_0402_1005Metric","C307434"
"0402 led","D2","LED_0402_1005Metric","no_part_number"
"Schottky 0603","D4","D_0603_1608Metric","no_part_number"
"TYPE-C-31-M-12","e1","HRO-TYPE-C-31-M-12","no_part_number"
"2.54mm header 01x20","J3,J4","PinHeader_1x20_P2.54mm_Vertical_castelated","no_part_number"
"Conn_01x03_Male","J5","PinHeader_1x03_P2.54mm_Vertical","no_part_number"
"INDUCTOR 2.2uH 0603","L1","L_0603_1608Metric","no_part_number"
"15nH","L2","C_0402_1005Metric","C76763"
"10uH","L3,L4","L_0603_1608Metric","C76732"
"Net-Tie_2","NT1","NetTie-2_SMD_Pad0.5mm","no_part_number"
"0R 0402 ","R1","R_0402_1005Metric","no_part_number"
"5.1K","R5,R6","R_0402_1005Metric","no_part_number"
"100ohm","R7","R_0402_1005Metric","no_part_number"
"10K 0402","R11,R12,R14","R_0402_1005Metric","no_part_number"
"LM3671MF 3.3","U1","TSOT-23-5","no_part_number"
"BQ24072RGT","U2","VQFN-16-1EP_3x3mm_P0.5mm_EP1.6x1.6mm","no_part_number"
"nRF52840","U3","Nordic_AQFN-73-1EP_7x7mm_P0.5mm","no_part_number"
"32MHz 12pF","Y1","Crystal_SMD_3225-4Pin_3.2x2.5mm","no_part_number"
